rank,movement,points,competitions_played,competitor_id
1,0,10860,20,sr:competitor:14898
1,0,10860,20,sr:competitor:637970
3,2,6890,24,sr:competitor:53785
4,8,6140,26,sr:competitor:52065
5,-2,6030,15,sr:competitor:16160
6,-2,6030,17,sr:competitor:15568
7,3,5670,20,sr:competitor:36593
8,-2,5650,21,sr:competitor:51836
9,-2,5650,22,sr:competitor:49363
10,1,5400,17,sr:competitor:52293
11,-3,5360,27,sr:competitor:95801
12,-3,5060,21,sr:competitor:15310
13,1,4195,27,sr:competitor:121182
14,1,4195,29,sr:competitor:47295
15,2,3970,24,sr:competitor:59131
15,2,3970,24,sr:competitor:108099
17,-4,3860,34,sr:competitor:111195
18,-2,3735,33,sr:competitor:76263
19,0,3290,33,sr:competitor:47966
20,0,3290,37,sr:competitor:231090
21,4,3070,27,sr:competitor:80665
22,1,2980,26,sr:competitor:14835
23,1,2980,27,sr:competitor:52202
24,4,2810,33,sr:competitor:78793
25,-4,2780,29,sr:competitor:106349
26,-4,2780,33,sr:competitor:106559
27,-1,2590,27,sr:competitor:16608
27,7,2590,27,sr:competitor:25189
29,2,2465,20,sr:competitor:44553
30,5,2460,32,sr:competitor:127646
31,2,2415,28,sr:competitor:70348
32,8,2350,27,sr:competitor:152900
33,4,2320,33,sr:competitor:112969
33,4,2320,33,sr:competitor:936355
35,-8,2260,17,sr:competitor:74173
36,7,2255,25,sr:competitor:204781
37,-1,2245,26,sr:competitor:59324
38,-9,2240,31,sr:competitor:231188
39,-9,2195,31,sr:competitor:16042
40,2,2185,25,sr:competitor:114831
41,0,2175,35,sr:competitor:280601
42,2,1955,25,sr:competitor:112805
43,3,1885,32,sr:competitor:206889
44,-12,1770,27,sr:competitor:22967
45,-6,1765,34,sr:competitor:838776
46,1,1750,28,sr:competitor:62410
47,1,1730,28,sr:competitor:52951
48,5,1705,34,sr:competitor:23899
49,5,1675,31,sr:competitor:52244
50,0,1670,27,sr:competitor:234044
51,0,1660,9,sr:competitor:90798
52,-3,1630,30,sr:competitor:234124
53,-1,1565,29,sr:competitor:66864
54,2,1510,31,sr:competitor:16124
55,4,1500,30,sr:competitor:81059
56,6,1475,29,sr:competitor:230186
57,3,1395,22,sr:competitor:15548
58,3,1395,23,sr:competitor:38181
59,4,1381,32,sr:competitor:16573
60,8,1369,26,sr:competitor:1020797
61,-16,1362,31,sr:competitor:393598
62,4,1360,35,sr:competitor:287215
63,2,1338,27,sr:competitor:243522
64,0,1320,39,sr:competitor:422955
65,6,1271,35,sr:competitor:1015089
66,1,1235,36,sr:competitor:180104
67,-9,1230,28,sr:competitor:16992
68,4,1221,31,sr:competitor:15588
69,4,1220,32,sr:competitor:15305
70,8,1218,31,sr:competitor:297448
71,-1,1217,36,sr:competitor:256001
72,2,1216,2,sr:competitor:39726
73,3,1172,24,sr:competitor:56629
74,37,1125,15,sr:competitor:14553
75,12,1106,37,sr:competitor:210736
76,3,1101,34,sr:competitor:263865
77,3,1101,35,sr:competitor:973963
78,-9,1093,25,sr:competitor:17038
79,-4,1092,35,sr:competitor:49306
80,2,1051,30,sr:competitor:296270
81,4,1047,23,sr:competitor:41475
82,8,1042,34,sr:competitor:163538
83,13,1017,32,sr:competitor:90110
84,-27,1017,34,sr:competitor:204495
85,-8,1016,31,sr:competitor:108755
86,12,1014,33,sr:competitor:48646
87,-4,1001,33,sr:competitor:614090
88,-7,970,36,sr:competitor:145936
89,-5,965,33,sr:competitor:209202
90,13,956,33,sr:competitor:272245
91,1,948,29,sr:competitor:52263
92,1,938,35,sr:competitor:240880
93,-7,935,35,sr:competitor:16198
94,6,925,35,sr:competitor:45105
95,-1,917,31,sr:competitor:55989
96,8,902,31,sr:competitor:99377
97,9,900,3,sr:competitor:188321
98,-9,893,33,sr:competitor:113889
99,-2,890,38,sr:competitor:628034
100,1,886,36,sr:competitor:121032
101,-2,849,35,sr:competitor:95923
102,10,843,21,sr:competitor:405969
103,-12,840,33,sr:competitor:16823
104,1,825,3,sr:competitor:863319
105,-50,825,17,sr:competitor:16151
106,-4,824,35,sr:competitor:145008
107,-12,820,33,sr:competitor:59700
108,-20,810,15,sr:competitor:169496
109,-1,800,7,sr:competitor:158912
110,-3,772,32,sr:competitor:548169
111,-2,770,14,sr:competitor:57163
112,13,765,30,sr:competitor:42151
113,0,750,11,sr:competitor:63606
114,2,740,3,sr:competitor:71280
115,4,736,33,sr:competitor:92845
116,1,733,35,sr:competitor:310972
117,4,721,35,sr:competitor:223868
118,2,720,34,sr:competitor:295508
119,-5,719,23,sr:competitor:437794
120,33,716,26,sr:competitor:322801
121,17,712,37,sr:competitor:77011
122,-4,708,26,sr:competitor:505542
123,1,700,6,sr:competitor:808628
124,6,700,36,sr:competitor:60614
125,1,690,8,sr:competitor:871495
126,-4,676,34,sr:competitor:37637
127,8,669,35,sr:competitor:25021
128,-18,666,25,sr:competitor:113221
129,-1,666,38,sr:competitor:98981
130,1,645,29,sr:competitor:124708
131,1,643,29,sr:competitor:233144
132,13,638,37,sr:competitor:126622
133,-18,637,31,sr:competitor:98413
134,6,630,8,sr:competitor:106755
135,6,630,9,sr:competitor:122368
136,6,630,9,sr:competitor:90080
137,6,630,12,sr:competitor:255595
138,6,629,27,sr:competitor:73572
139,0,629,28,sr:competitor:628226
140,-17,628,30,sr:competitor:450383
141,8,623,22,sr:competitor:210592
142,8,623,34,sr:competitor:76361
143,4,622,37,sr:competitor:161220
144,8,618,30,sr:competitor:292414
145,-12,615,37,sr:competitor:390480
146,-9,612,27,sr:competitor:380004
147,-20,610,34,sr:competitor:112061
148,7,607,19,sr:competitor:628218
149,26,607,32,sr:competitor:79223
150,-2,604,33,sr:competitor:739643
151,-22,596,32,sr:competitor:16854
152,2,585,16,sr:competitor:534043
153,4,584,36,sr:competitor:880089
154,2,579,20,sr:competitor:918463
155,7,567,35,sr:competitor:297502
156,2,565,17,sr:competitor:809324
157,-6,560,30,sr:competitor:111607
158,3,542,25,sr:competitor:497320
159,5,541,35,sr:competitor:54609
160,-14,527,21,sr:competitor:147104
161,-25,524,34,sr:competitor:157396
162,-2,521,37,sr:competitor:731833
163,4,516,18,sr:competitor:38180
164,5,513,38,sr:competitor:50148
165,3,497,31,sr:competitor:161448
166,6,495,30,sr:competitor:210636
167,6,490,35,sr:competitor:130442
168,11,488,35,sr:competitor:52260
169,-4,486,31,sr:competitor:77653
170,0,485,31,sr:competitor:208123
171,5,475,3,sr:competitor:309954
172,-6,466,25,sr:competitor:660427
173,1,463,34,sr:competitor:58877
174,3,461,32,sr:competitor:272273
175,18,457,17,sr:competitor:104917
176,2,456,26,sr:competitor:853643
177,13,453,33,sr:competitor:447733
178,14,451,15,sr:competitor:686911
179,1,443,35,sr:competitor:202735
180,2,438,24,sr:competitor:25458
181,13,438,37,sr:competitor:289021
182,3,430,9,sr:competitor:1128937
183,14,427,20,sr:competitor:588081
184,3,425,15,sr:competitor:299130
185,4,423,10,sr:competitor:168420
186,14,422,24,sr:competitor:822192
187,-28,419,34,sr:competitor:322589
188,-4,415,34,sr:competitor:182086
189,9,413,20,sr:competitor:84659
190,1,412,37,sr:competitor:645442
191,-5,411,24,sr:competitor:348308
192,-21,407,26,sr:competitor:53759
193,36,395,23,sr:competitor:222628
194,20,393,16,sr:competitor:46259
195,14,389,19,sr:competitor:252239
196,31,389,31,sr:competitor:193912
197,-14,377,24,sr:competitor:63446
198,-10,373,18,sr:competitor:103625
199,0,372,29,sr:competitor:95939
200,3,370,3,sr:competitor:127208
201,3,367,33,sr:competitor:395828
202,-1,363,34,sr:competitor:1020369
203,3,362,16,sr:competitor:305776
204,3,360,5,sr:competitor:102339
205,7,355,13,sr:competitor:393518
206,7,354,16,sr:competitor:82157
207,-2,354,35,sr:competitor:170976
208,8,352,15,sr:competitor:146040
209,8,351,12,sr:competitor:102151
210,13,349,29,sr:competitor:77501
211,7,347,7,sr:competitor:443702
212,8,347,23,sr:competitor:407791
213,9,345,7,sr:competitor:382058
214,20,341,29,sr:competitor:181384
215,9,340,3,sr:competitor:359602
216,63,340,5,sr:competitor:46391
217,78,340,41,sr:competitor:154740
218,7,339,27,sr:competitor:389078
219,-4,337,34,sr:competitor:96629
220,6,333,26,sr:competitor:395890
221,-19,332,32,sr:competitor:72420
222,-3,327,9,sr:competitor:371448
223,-27,324,34,sr:competitor:1025093
224,4,321,35,sr:competitor:761136
225,-44,320,18,sr:competitor:185434
226,5,320,28,sr:competitor:154490
227,-17,320,35,sr:competitor:319353
228,4,318,17,sr:competitor:369572
229,4,317,22,sr:competitor:369630
230,41,317,22,sr:competitor:119150
231,29,316,32,sr:competitor:170964
232,3,315,21,sr:competitor:44637
233,8,315,21,sr:competitor:132558
234,3,312,23,sr:competitor:378220
235,3,308,23,sr:competitor:48225
236,6,304,22,sr:competitor:53483
237,-7,304,24,sr:competitor:768772
238,8,304,28,sr:competitor:55293
239,4,302,5,sr:competitor:94485
240,5,299,31,sr:competitor:24009
241,93,298,24,sr:competitor:219398
242,8,298,28,sr:competitor:58989
243,-7,298,28,sr:competitor:179294
244,-33,295,12,sr:competitor:100069
245,3,293,8,sr:competitor:515510
246,-83,293,13,sr:competitor:110707
247,60,293,32,sr:competitor:99043
248,-4,292,35,sr:competitor:733153
249,-28,291,27,sr:competitor:163540
250,-116,290,9,sr:competitor:300540
251,-11,290,22,sr:competitor:111609
252,0,290,29,sr:competitor:85877
253,1,287,16,sr:competitor:287541
254,1,285,8,sr:competitor:938097
255,1,284,9,sr:competitor:49417
256,1,283,15,sr:competitor:66086
257,2,282,37,sr:competitor:200873
258,-7,281,18,sr:competitor:250231
259,44,274,14,sr:competitor:298118
260,1,273,23,sr:competitor:452787
261,-8,273,26,sr:competitor:207777
262,0,270,5,sr:competitor:175014
263,0,270,5,sr:competitor:122366
264,0,270,6,sr:competitor:254383
265,0,270,34,sr:competitor:418253
266,0,269,28,sr:competitor:84671
267,-20,269,35,sr:competitor:60920
268,-19,268,27,sr:competitor:220590
269,31,267,31,sr:competitor:1080832
270,-31,266,19,sr:competitor:55745
271,-1,264,13,sr:competitor:809322
272,0,259,17,sr:competitor:221556
273,1,258,14,sr:competitor:303862
274,13,257,22,sr:competitor:866247
275,95,254,12,sr:competitor:195458
276,37,253,21,sr:competitor:635386
277,52,253,35,sr:competitor:376372
278,14,252,16,sr:competitor:723013
279,-3,252,19,sr:competitor:69362
280,-2,250,3,sr:competitor:104847
281,-1,250,5,sr:competitor:47975
282,-24,250,8,sr:competitor:256875
283,-2,250,9,sr:competitor:145112
284,-2,250,11,sr:competitor:125006
285,9,249,20,sr:competitor:220588
286,-3,248,24,sr:competitor:433906
287,-2,248,29,sr:competitor:1196859
288,-19,245,9,sr:competitor:283759
289,450,244,5,sr:competitor:1034525
290,-4,242,27,sr:competitor:318187
291,-14,240,16,sr:competitor:216502
292,-97,239,14,sr:competitor:927343
293,17,239,19,sr:competitor:564952
294,-21,239,30,sr:competitor:342822
295,-5,238,14,sr:competitor:116616
296,-28,236,8,sr:competitor:565070
297,0,231,23,sr:competitor:515498
298,1,230,12,sr:competitor:43761
299,42,230,36,sr:competitor:246745
300,5,230,40,sr:competitor:124934
301,0,229,17,sr:competitor:353548
302,0,229,17,sr:competitor:64920
303,35,229,18,sr:competitor:682903
304,10,228,22,sr:competitor:301896
305,20,225,20,sr:competitor:163438
306,6,223,18,sr:competitor:284835
307,100,222,22,sr:competitor:538457
308,7,221,18,sr:competitor:82133
309,10,220,26,sr:competitor:529399
310,40,220,26,sr:competitor:812360
311,6,219,15,sr:competitor:287543
312,6,219,17,sr:competitor:161868
313,-5,218,14,sr:competitor:54975
314,-39,217,8,sr:competitor:722431
315,6,217,11,sr:competitor:763106
316,-28,217,18,sr:competitor:873679
317,-26,217,29,sr:competitor:412829
318,2,215,31,sr:competitor:130494
319,3,214,14,sr:competitor:434058
320,783,212,4,sr:competitor:965785
321,10,212,21,sr:competitor:215778
322,2,210,19,sr:competitor:431697
323,3,207,10,sr:competitor:951223
324,-13,207,22,sr:competitor:244388
325,5,206,20,sr:competitor:381022
326,-30,206,34,sr:competitor:171072
327,-60,202,15,sr:competitor:81763
328,26,202,39,sr:competitor:403285
329,6,201,12,sr:competitor:312728
330,-3,201,27,sr:competitor:840614
331,6,199,11,sr:competitor:312440
332,0,199,21,sr:competitor:685379
333,7,199,26,sr:competitor:215696
334,-6,199,29,sr:competitor:202681
335,65,198,17,sr:competitor:637610
336,-20,197,20,sr:competitor:407785
337,-31,197,30,sr:competitor:106395
338,4,194,25,sr:competitor:273883
339,5,193,21,sr:competitor:312436
340,-7,193,23,sr:competitor:494844
341,4,192,10,sr:competitor:240264
342,47,192,33,sr:competitor:155860
343,-39,190,13,sr:competitor:268441
344,38,187,27,sr:competitor:213234
345,-22,185,23,sr:competitor:180948
346,5,184,9,sr:competitor:342826
347,8,182,4,sr:competitor:224024
348,-1,182,31,sr:competitor:48055
349,9,180,1,sr:competitor:223874
349,11,180,1,sr:competitor:675175
351,9,180,2,sr:competitor:163504
351,7,180,2,sr:competitor:187689
353,9,180,2,sr:competitor:972327
354,233,180,3,sr:competitor:505550
355,8,180,4,sr:competitor:337601
356,8,180,5,sr:competitor:339377
357,-149,180,7,sr:competitor:204117
358,7,180,8,sr:competitor:399637
359,7,180,9,sr:competitor:266711
360,7,180,10,sr:competitor:163480
361,7,180,24,sr:competitor:908699
362,7,179,6,sr:competitor:121668
363,10,177,10,sr:competitor:414501
364,-55,175,5,sr:competitor:515478
365,10,175,5,sr:competitor:43319
366,18,175,11,sr:competitor:243478
367,9,175,14,sr:competitor:450343
368,11,171,11,sr:competitor:51100
369,-33,170,11,sr:competitor:682913
370,111,170,18,sr:competitor:498580
371,24,168,22,sr:competitor:833418
372,6,167,30,sr:competitor:217192
373,-17,166,8,sr:competitor:51345
374,-3,164,12,sr:competitor:605854
375,-23,164,14,sr:competitor:229024
376,-2,163,33,sr:competitor:580165
377,-29,162,10,sr:competitor:518742
378,-29,162,22,sr:competitor:441576
379,-86,161,29,sr:competitor:83263
380,8,160,25,sr:competitor:135828
381,45,160,28,sr:competitor:228766
382,-98,159,18,sr:competitor:1011445
383,41,159,24,sr:competitor:312348
384,-7,159,32,sr:competitor:297608
385,6,158,8,sr:competitor:373348
386,-33,158,21,sr:competitor:141882
387,5,157,20,sr:competitor:679481
388,21,157,26,sr:competitor:256393
389,1,156,19,sr:competitor:212046
390,6,155,11,sr:competitor:341188
391,-8,154,7,sr:competitor:101157
392,24,153,32,sr:competitor:445313
393,-13,151,16,sr:competitor:686709
394,7,151,24,sr:competitor:668903
395,-14,151,24,sr:competitor:906831
396,-57,151,28,sr:competitor:458575
397,5,150,1,sr:competitor:233184
398,5,150,7,sr:competitor:170946
399,56,150,19,sr:competitor:197678
400,22,150,24,sr:competitor:278497
401,-4,150,25,sr:competitor:245343
402,6,148,18,sr:competitor:978579
403,-9,147,19,sr:competitor:403357
404,8,145,8,sr:competitor:405977
405,8,145,15,sr:competitor:952887
406,46,145,15,sr:competitor:114885
407,8,145,16,sr:competitor:121248
408,11,145,17,sr:competitor:609146
409,57,142,16,sr:competitor:82579
410,11,142,23,sr:competitor:1111195
411,-113,140,5,sr:competitor:63438
412,-123,140,5,sr:competitor:938667
413,12,140,5,sr:competitor:496346
414,13,139,6,sr:competitor:870927
415,-4,139,32,sr:competitor:16852
416,139,138,14,sr:competitor:925069
417,-71,137,8,sr:competitor:530317
418,14,137,10,sr:competitor:345060
419,108,137,11,sr:competitor:145108
420,13,136,15,sr:competitor:833442
421,-28,136,21,sr:competitor:138712
422,14,135,7,sr:competitor:604344
423,180,135,8,sr:competitor:77223
423,14,135,8,sr:competitor:88992
425,118,135,22,sr:competitor:48459
426,-22,134,17,sr:competitor:96239
427,-17,133,21,sr:competitor:230152
428,60,133,26,sr:competitor:518802
429,13,132,20,sr:competitor:180446
430,62,132,20,sr:competitor:100317
431,-74,131,11,sr:competitor:145122
432,-14,131,16,sr:competitor:126402
433,-35,131,40,sr:competitor:759758
434,10,130,12,sr:competitor:25726
435,10,130,13,sr:competitor:305558
436,68,130,18,sr:competitor:644676
437,-7,130,22,sr:competitor:652290
438,9,130,25,sr:competitor:457167
439,55,129,12,sr:competitor:534031
440,9,129,20,sr:competitor:299818
441,-55,129,27,sr:competitor:337607
442,-28,128,13,sr:competitor:812862
443,-4,128,23,sr:competitor:255601
444,26,125,15,sr:competitor:251091
445,12,125,25,sr:competitor:902257
446,12,124,5,sr:competitor:341218
447,12,124,9,sr:competitor:603420
448,122,124,13,sr:competitor:211992
449,11,124,14,sr:competitor:272281
450,12,123,9,sr:competitor:359608
451,81,123,21,sr:competitor:1028265
452,9,123,23,sr:competitor:439480
453,12,122,14,sr:competitor:373852
454,33,122,24,sr:competitor:79227
455,27,122,25,sr:competitor:342976
455,27,122,25,sr:competitor:342978
457,-26,121,8,sr:competitor:396126
458,10,121,13,sr:competitor:904033
459,10,121,14,sr:competitor:65576
460,13,120,6,sr:competitor:682911
461,13,120,7,sr:competitor:310974
462,13,120,8,sr:competitor:263917
463,14,120,8,sr:competitor:412813
464,12,120,9,sr:competitor:508496
465,-48,120,14,sr:competitor:18066
466,-28,120,15,sr:competitor:350814
467,18,120,15,sr:competitor:540211
468,71,119,6,sr:competitor:307112
469,217,119,10,sr:competitor:785974
470,14,119,17,sr:competitor:978717
471,0,119,19,sr:competitor:262865
472,-66,118,11,sr:competitor:177658
473,7,118,15,sr:competitor:844730
474,-2,118,19,sr:competitor:283451
475,-32,118,20,sr:competitor:627274
476,-133,118,20,sr:competitor:92667
477,24,117,12,sr:competitor:163492
478,13,116,11,sr:competitor:353298
479,-45,116,18,sr:competitor:1047289
480,42,116,26,sr:competitor:1036507
481,8,116,31,sr:competitor:120956
482,11,115,7,sr:competitor:258735
483,-20,115,10,sr:competitor:117866
484,12,115,13,sr:competitor:908687
485,-35,115,20,sr:competitor:844726
486,-8,114,10,sr:competitor:418167
487,10,114,19,sr:competitor:645452
488,121,114,19,sr:competitor:739687
489,56,114,27,sr:competitor:855911
490,9,113,7,sr:competitor:622876
491,-62,113,8,sr:competitor:93597
492,8,113,10,sr:competitor:457059
493,144,113,11,sr:competitor:780650
494,14,112,10,sr:competitor:47764
495,-31,112,10,sr:competitor:934155
496,-68,112,21,sr:competitor:681071
497,13,111,9,sr:competitor:920395
498,4,111,13,sr:competitor:390486
499,12,111,14,sr:competitor:1042053
500,-54,111,18,sr:competitor:668817
1,0,11460,17,sr:competitor:72376
2,0,9545,13,sr:competitor:51387
3,1,7795,18,sr:competitor:96075
4,1,6850,22,sr:competitor:41524
5,-2,6705,17,sr:competitor:43860
6,0,6675,24,sr:competitor:69718
7,0,6050,28,sr:competitor:19607
8,0,5423,14,sr:competitor:78551
9,3,4625,16,sr:competitor:18936
10,1,4511,24,sr:competitor:33593
11,2,4485,19,sr:competitor:64496
12,-2,4380,25,sr:competitor:46084
13,-4,4235,16,sr:competitor:19202
14,3,3707,16,sr:competitor:18298
15,0,3696,14,sr:competitor:153652
16,4,3550,21,sr:competitor:99131
17,1,3546,22,sr:competitor:45835
18,1,3348,15,sr:competitor:37508
19,4,3240,25,sr:competitor:119670
20,4,3184,26,sr:competitor:208125
21,11,3100,28,sr:competitor:150122
22,0,3076,21,sr:competitor:43547
23,8,3043,16,sr:competitor:588071
24,-3,3035,23,sr:competitor:50537
25,-9,3011,10,sr:competitor:69208
26,4,2973,19,sr:competitor:776340
27,-1,2936,26,sr:competitor:129714
27,-1,2936,30,sr:competitor:142996
29,-1,2898,30,sr:competitor:51481
30,-5,2851,29,sr:competitor:19974
31,-17,2494,26,sr:competitor:74949
32,7,2427,29,sr:competitor:64021
33,1,2409,25,sr:competitor:157672
34,2,2388,17,sr:competitor:242602
35,0,2376,30,sr:competitor:108621
36,7,2362,29,sr:competitor:66432
37,1,2350,16,sr:competitor:401055
38,3,2336,14,sr:competitor:105463
39,-2,2288,26,sr:competitor:73542
40,4,2271,34,sr:competitor:69602
41,1,2245,28,sr:competitor:47801
42,6,2236,31,sr:competitor:48625
43,3,2180,26,sr:competitor:460837
44,-4,2164,29,sr:competitor:166124
45,-12,2123,8,sr:competitor:871583
46,-17,2078,7,sr:competitor:43102
47,3,1997,27,sr:competitor:24431
48,3,1963,15,sr:competitor:128584
49,-2,1838,26,sr:competitor:19932
50,2,1765,26,sr:competitor:19731
51,7,1760,26,sr:competitor:41520
52,4,1758,27,sr:competitor:46428
52,2,1758,24,sr:competitor:182054
54,-1,1714,12,sr:competitor:67759
55,0,1709,30,sr:competitor:235252
56,1,1686,33,sr:competitor:194106
57,9,1660,13,sr:competitor:18965
58,1,1618,28,sr:competitor:87090
59,1,1611,30,sr:competitor:182178
60,-11,1603,30,sr:competitor:47810
61,0,1554,21,sr:competitor:173748
62,10,1454,15,sr:competitor:135854
63,5,1452,26,sr:competitor:70784
64,-2,1438,16,sr:competitor:45915
65,505,1422,4,sr:competitor:499484
66,-21,1420,2,sr:competitor:66968
67,-4,1400,21,sr:competitor:215476
68,542,1396,8,sr:competitor:549759
69,-2,1355,28,sr:competitor:60668
70,-1,1317,20,sr:competitor:91960
71,-7,1309,11,sr:competitor:914135
72,4,1282,28,sr:competitor:799304
73,-2,1262,34,sr:competitor:385206
74,-4,1258,32,sr:competitor:418583
75,3,1241,30,sr:competitor:92877
76,1,1229,16,sr:competitor:53789
77,-4,1215,6,sr:competitor:138452
78,3,1162,14,sr:competitor:272217
79,-14,1125,17,sr:competitor:289507
80,-5,1123,28,sr:competitor:303814
81,5,1096,19,sr:competitor:49682
82,-2,1040,17,sr:competitor:329535
83,-9,1039,23,sr:competitor:92879
84,1,989,11,sr:competitor:44834
85,-1,948,33,sr:competitor:52533
86,-7,933,26,sr:competitor:64085
87,-5,922,6,sr:competitor:103901
88,0,917,26,sr:competitor:156040
88,0,917,26,sr:competitor:210670
90,1,889,9,sr:competitor:534045
91,-8,887,14,sr:competitor:44977
92,0,882,31,sr:competitor:51943
93,0,868,29,sr:competitor:93657
94,-4,856,28,sr:competitor:143146
95,3,849,30,sr:competitor:448121
96,-2,848,4,sr:competitor:60398
97,-10,843,12,sr:competitor:252223
98,-3,840,32,sr:competitor:48451
99,1,835,23,sr:competitor:67430
100,-4,831,12,sr:competitor:72758
101,11,826,19,sr:competitor:662257
102,17,816,8,sr:competitor:60392
103,1,815,26,sr:competitor:245673
104,-5,812,22,sr:competitor:48486
105,-3,801,28,sr:competitor:183957
106,1,781,23,sr:competitor:215806
107,-2,776,19,sr:competitor:129534
108,20,735,25,sr:competitor:102637
109,-1,733,29,sr:competitor:628178
110,-1,730,21,sr:competitor:722877
111,-1,728,31,sr:competitor:250285
112,-9,715,17,sr:competitor:189384
113,-2,712,9,sr:competitor:813176
114,11,712,18,sr:competitor:161270
115,0,701,28,sr:competitor:345134
116,0,700,44,sr:competitor:325837
117,22,692,19,sr:competitor:203893
118,0,691,9,sr:competitor:105099
119,2,684,12,sr:competitor:453301
120,25,675,23,sr:competitor:223862
121,3,671,12,sr:competitor:627278
122,0,670,7,sr:competitor:19728
123,-6,662,24,sr:competitor:49118
124,3,660,29,sr:competitor:233266
125,1,658,22,sr:competitor:195408
126,-12,655,22,sr:competitor:119216
127,-4,651,31,sr:competitor:70728
128,-22,643,10,sr:competitor:360038
129,35,638,11,sr:competitor:69988
130,0,629,20,sr:competitor:473609
131,4,623,33,sr:competitor:98523
132,-1,623,25,sr:competitor:506786
133,-1,622,37,sr:competitor:80427
134,6,618,24,sr:competitor:517274
135,1,615,27,sr:competitor:88494
136,1,611,33,sr:competitor:52695
137,89,610,3,sr:competitor:90664
138,-18,605,30,sr:competitor:50915
139,-10,601,30,sr:competitor:870981
140,-6,589,19,sr:competitor:805538
141,100,588,7,sr:competitor:150574
142,1,573,5,sr:competitor:373352
143,-2,571,24,sr:competitor:226306
144,7,568,16,sr:competitor:98733
145,1,566,24,sr:competitor:290994
146,1,564,14,sr:competitor:662615
147,1,563,13,sr:competitor:882091
148,120,555,6,sr:competitor:299310
149,-36,554,11,sr:competitor:369524
150,-53,552,20,sr:competitor:71754
151,-7,550,27,sr:competitor:278943
152,-2,549,26,sr:competitor:59762
153,0,537,19,sr:competitor:52183
154,1,530,25,sr:competitor:20158
155,-3,524,21,sr:competitor:1022815
156,1,523,32,sr:competitor:46625
157,3,519,30,sr:competitor:64315
158,-2,515,4,sr:competitor:123824
159,0,514,22,sr:competitor:448123
160,-2,513,19,sr:competitor:378340
161,-28,510,5,sr:competitor:278887
162,1,510,5,sr:competitor:87834
163,2,508,23,sr:competitor:152106
164,4,505,28,sr:competitor:222546
165,1,499,3,sr:competitor:85077
166,3,494,9,sr:competitor:42289
167,10,489,25,sr:competitor:142758
168,139,488,4,sr:competitor:19520
169,2,487,28,sr:competitor:230108
170,2,486,6,sr:competitor:71034
171,-33,483,11,sr:competitor:261583
172,-23,481,26,sr:competitor:168526
173,0,480,20,sr:competitor:435794
174,17,476,12,sr:competitor:431743
175,0,475,30,sr:competitor:246945
176,0,466,13,sr:competitor:1020123
177,-16,464,20,sr:competitor:53288
178,24,455,28,sr:competitor:345070
179,18,452,20,sr:competitor:731427
180,1,452,16,sr:competitor:880229
181,7,449,25,sr:competitor:382796
182,-15,448,14,sr:competitor:568715
183,1,445,18,sr:competitor:226092
184,2,444,18,sr:competitor:45827
185,-3,443,27,sr:competitor:842594
186,-12,442,23,sr:competitor:1115539
187,3,441,6,sr:competitor:208105
188,4,438,6,sr:competitor:225130
189,6,438,18,sr:competitor:936009
190,-11,436,29,sr:competitor:148276
191,3,425,26,sr:competitor:254553
192,-7,420,13,sr:competitor:141892
193,11,418,25,sr:competitor:105063
194,2,417,20,sr:competitor:227486
195,6,414,28,sr:competitor:378144
196,10,410,25,sr:competitor:728507
197,10,409,8,sr:competitor:210558
198,7,408,20,sr:competitor:213144
199,25,408,18,sr:competitor:387110
200,58,406,19,sr:competitor:812476
201,9,404,15,sr:competitor:421379
202,-9,400,23,sr:competitor:264863
203,9,397,9,sr:competitor:63220
204,4,397,31,sr:competitor:233478
205,4,392,8,sr:competitor:1222991
206,-19,391,12,sr:competitor:807358
207,52,391,20,sr:competitor:904005
208,-107,388,10,sr:competitor:18251
209,8,387,4,sr:competitor:217912
210,3,387,21,sr:competitor:66516
211,-13,387,19,sr:competitor:353358
212,-12,384,19,sr:competitor:256447
213,-51,381,4,sr:competitor:192108
214,1,380,4,sr:competitor:319455
215,6,378,22,sr:competitor:473937
216,104,373,4,sr:competitor:235260
217,-28,373,17,sr:competitor:731441
218,-2,372,19,sr:competitor:890199
219,-16,370,10,sr:competitor:750327
220,-1,368,18,sr:competitor:282597
221,6,368,22,sr:competitor:340365
222,6,367,7,sr:competitor:728549
223,7,365,18,sr:competitor:225468
224,-25,364,17,sr:competitor:70822
225,-71,363,14,sr:competitor:111189
226,5,360,17,sr:competitor:870983
227,7,358,16,sr:competitor:134532
228,29,354,20,sr:competitor:750329
229,9,352,8,sr:competitor:1017327
230,9,352,21,sr:competitor:494296
231,-2,350,10,sr:competitor:47697
232,5,350,21,sr:competitor:604242
233,13,349,20,sr:competitor:459317
234,-2,349,21,sr:competitor:380368
235,8,347,26,sr:competitor:341196
236,-3,344,23,sr:competitor:476218
237,3,341,12,sr:competitor:286435
238,7,341,18,sr:competitor:420819
239,-56,340,7,sr:competitor:406199
240,8,337,24,sr:competitor:122668
241,-63,335,2,sr:competitor:71250
242,-100,335,8,sr:competitor:245295
243,9,331,18,sr:competitor:745799
244,9,331,20,sr:competitor:98105
245,2,330,22,sr:competitor:624838
246,8,330,19,sr:competitor:217036
247,8,328,26,sr:competitor:61526
248,15,327,15,sr:competitor:567285
249,-5,326,12,sr:competitor:1027515
250,10,323,33,sr:competitor:315663
251,16,317,25,sr:competitor:1008651
252,-10,313,19,sr:competitor:1020859
253,8,312,15,sr:competitor:257691
254,15,311,25,sr:competitor:505580
255,15,310,13,sr:competitor:979575
256,-36,309,16,sr:competitor:19847
257,-22,308,11,sr:competitor:137932
258,8,308,17,sr:competitor:209418
259,16,304,15,sr:competitor:906635
260,12,304,14,sr:competitor:378226
261,12,303,16,sr:competitor:496316
262,-13,302,10,sr:competitor:115507
263,16,302,23,sr:competitor:171354
264,-2,302,14,sr:competitor:868599
265,6,301,13,sr:competitor:1052227
266,-2,297,13,sr:competitor:132412
267,10,296,26,sr:competitor:202803
268,31,293,30,sr:competitor:1020177
269,11,291,17,sr:competitor:927441
270,6,290,25,sr:competitor:221510
271,12,288,6,sr:competitor:315609
272,13,285,20,sr:competitor:858867
273,13,283,33,sr:competitor:41359
274,24,282,8,sr:competitor:845268
275,12,282,13,sr:competitor:870979
276,5,280,12,sr:competitor:356694
277,-66,278,6,sr:competitor:256547
278,13,277,16,sr:competitor:337813
279,14,276,11,sr:competitor:300496
280,14,276,14,sr:competitor:799662
281,-7,274,29,sr:competitor:673491
282,13,273,9,sr:competitor:679319
283,13,273,20,sr:competitor:244216
284,-34,271,4,sr:competitor:504238
284,223,271,4,sr:competitor:906723
286,41,266,20,sr:competitor:567551
287,16,266,28,sr:competitor:447703
288,23,265,20,sr:competitor:505974
289,-11,264,15,sr:competitor:448081
290,-72,262,6,sr:competitor:445421
291,15,260,30,sr:competitor:786310
292,-3,259,14,sr:competitor:414533
293,69,258,8,sr:competitor:227390
294,15,256,20,sr:competitor:777872
295,15,256,19,sr:competitor:262701
296,-73,255,7,sr:competitor:287769
297,-15,255,13,sr:competitor:292540
298,-8,253,15,sr:competitor:104929
299,14,253,19,sr:competitor:496378
300,-130,251,2,sr:competitor:52025
301,-1,251,26,sr:competitor:65610
302,3,250,16,sr:competitor:118052
303,5,248,28,sr:competitor:409673
304,282,246,12,sr:competitor:335171
305,13,245,12,sr:competitor:45139
306,11,245,8,sr:competitor:675189
307,12,245,15,sr:competitor:967949
308,-86,244,3,sr:competitor:19655
309,40,244,8,sr:competitor:297588
310,4,244,24,sr:competitor:568103
311,47,243,18,sr:competitor:129430
312,-87,240,1,sr:competitor:59702
313,9,239,14,sr:competitor:960043
314,2,238,15,sr:competitor:209716
315,33,238,20,sr:competitor:133076
316,-1,237,7,sr:competitor:373354
317,-33,236,7,sr:competitor:50655
318,-16,236,16,sr:competitor:833336
319,18,236,24,sr:competitor:720627
320,-19,234,23,sr:competitor:515530
321,5,233,16,sr:competitor:918555
322,6,231,4,sr:competitor:675193
323,86,231,10,sr:competitor:55793
324,-1,231,18,sr:competitor:965307
325,-21,229,5,sr:competitor:106341
326,-70,229,9,sr:competitor:501894
327,3,229,14,sr:competitor:111767
328,7,229,20,sr:competitor:310984
329,7,228,2,sr:competitor:52273
330,2,228,22,sr:competitor:827398
331,-95,226,6,sr:competitor:789688
332,6,226,25,sr:competitor:47876
333,-2,225,12,sr:competitor:933453
334,-42,224,15,sr:competitor:78785
335,5,223,30,sr:competitor:201105
336,5,223,20,sr:competitor:658439
337,22,221,4,sr:competitor:801414
338,16,221,20,sr:competitor:41480
339,7,221,23,sr:competitor:679485
340,2,218,22,sr:competitor:286459
341,11,218,13,sr:competitor:195404
342,11,217,20,sr:competitor:677411
343,-163,216,2,sr:competitor:41877
344,-5,215,3,sr:competitor:45545
345,-1,214,24,sr:competitor:37638
346,11,213,9,sr:competitor:51651
347,-14,211,23,sr:competitor:242504
348,-1,210,5,sr:competitor:416473
349,6,210,12,sr:competitor:518748
350,-99,209,4,sr:competitor:676251
351,5,208,21,sr:competitor:111149
352,-28,207,12,sr:competitor:234398
353,-2,207,11,sr:competitor:812502
354,10,206,20,sr:competitor:61922
355,26,206,16,sr:competitor:133080
356,13,206,21,sr:competitor:154744
357,16,206,21,sr:competitor:179248
358,374,205,5,sr:competitor:262759
359,11,205,5,sr:competitor:99405
360,0,205,25,sr:competitor:324677
361,11,204,7,sr:competitor:41404
362,13,203,26,sr:competitor:352784
363,-2,203,9,sr:competitor:510530
364,26,203,16,sr:competitor:517006
365,9,202,4,sr:competitor:110299
366,11,202,10,sr:competitor:319461
367,9,202,24,sr:competitor:86894
368,10,202,28,sr:competitor:171026
369,107,201,18,sr:competitor:282057
370,-3,201,22,sr:competitor:206957
371,8,200,10,sr:competitor:1098357
372,-43,199,16,sr:competitor:857871
373,-10,199,13,sr:competitor:120664
374,6,198,9,sr:competitor:403329
375,17,197,21,sr:competitor:262023
376,-10,197,9,sr:competitor:915371
377,9,197,10,sr:competitor:915635
378,-57,196,20,sr:competitor:108857
379,-11,195,19,sr:competitor:932867
380,9,194,3,sr:competitor:211262
381,3,194,9,sr:competitor:835864
382,-11,194,8,sr:competitor:1027517
383,4,194,17,sr:competitor:244184
384,-50,193,25,sr:competitor:797346
385,19,192,12,sr:competitor:254551
386,8,190,19,sr:competitor:739667
387,4,190,20,sr:competitor:762764
388,-123,188,6,sr:competitor:192130
389,7,188,22,sr:competitor:947289
390,8,186,17,sr:competitor:783792
391,70,186,14,sr:competitor:59662
392,9,185,24,sr:competitor:233748
393,12,185,22,sr:competitor:389048
394,8,184,2,sr:competitor:341112
395,8,184,7,sr:competitor:79443
396,10,183,23,sr:competitor:227342
397,10,182,6,sr:competitor:18919
398,10,182,11,sr:competitor:337811
399,11,182,9,sr:competitor:99429
400,12,181,17,sr:competitor:164852
401,-2,179,19,sr:competitor:185412
402,14,178,6,sr:competitor:955421
403,-21,178,11,sr:competitor:1080640
404,16,178,19,sr:competitor:904237
405,43,177,14,sr:competitor:1279439
406,13,177,18,sr:competitor:513666
407,4,177,19,sr:competitor:627510
408,102,176,12,sr:competitor:1195051
409,16,175,10,sr:competitor:586741
410,42,175,17,sr:competitor:743423
411,21,175,18,sr:competitor:406401
412,12,173,5,sr:competitor:771430
413,14,172,4,sr:competitor:784280
414,40,171,8,sr:competitor:790640
415,14,171,11,sr:competitor:836764
416,15,170,14,sr:competitor:513582
417,16,170,20,sr:competitor:120722
418,16,169,8,sr:competitor:505998
419,-76,168,5,sr:competitor:112957
420,27,168,15,sr:competitor:373362
421,15,167,14,sr:competitor:382264
422,15,167,7,sr:competitor:867605
423,-5,167,14,sr:competitor:217056
424,14,167,22,sr:competitor:196552
425,33,167,23,sr:competitor:915657
426,14,166,17,sr:competitor:875507
427,14,166,17,sr:competitor:948061
428,11,165,3,sr:competitor:341216
429,-32,165,16,sr:competitor:59213
430,12,165,14,sr:competitor:628190
431,49,165,13,sr:competitor:972259
432,11,165,5,sr:competitor:165866
433,-108,164,7,sr:competitor:215598
434,10,164,7,sr:competitor:1116289
435,-147,163,5,sr:competitor:467037
436,10,163,7,sr:competitor:234150
437,-44,163,3,sr:competitor:586739
438,99,163,14,sr:competitor:801420
439,11,162,5,sr:competitor:535801
440,-12,162,22,sr:competitor:226170
441,-15,162,18,sr:competitor:858079
442,-228,161,5,sr:competitor:242630
443,13,161,9,sr:competitor:395740
444,-59,161,16,sr:competitor:348216
445,12,159,30,sr:competitor:341238
446,18,158,3,sr:competitor:113079
447,24,158,21,sr:competitor:360054
448,18,158,12,sr:competitor:405105
449,-54,157,17,sr:competitor:673521
450,209,157,19,sr:competitor:194474
451,161,155,7,sr:competitor:134342
452,18,155,18,sr:competitor:960137
453,12,154,21,sr:competitor:169960
454,18,154,14,sr:competitor:1073106
455,19,153,12,sr:competitor:60028
456,3,152,11,sr:competitor:1164921
457,-57,152,14,sr:competitor:620340
458,19,152,15,sr:competitor:208229
459,19,152,16,sr:competitor:925005
460,19,151,2,sr:competitor:23082
461,-16,151,17,sr:competitor:770242
462,69,151,21,sr:competitor:956445
463,-50,151,23,sr:competitor:54983
463,-50,151,23,sr:competitor:63238
465,78,151,18,sr:competitor:967951
466,16,151,17,sr:competitor:788274
467,16,151,23,sr:competitor:447759
468,44,150,3,sr:competitor:132370
469,24,150,21,sr:competitor:904159
470,16,149,4,sr:competitor:63682
471,-20,149,21,sr:competitor:153744
472,-3,149,25,sr:competitor:194604
473,79,149,12,sr:competitor:355958
474,14,149,13,sr:competitor:1045543
475,14,149,16,sr:competitor:786086
475,14,149,17,sr:competitor:1038811
477,-127,148,9,sr:competitor:289093
478,-29,148,12,sr:competitor:448093
479,22,148,15,sr:competitor:100185
480,12,148,16,sr:competitor:450331
481,-28,148,18,sr:competitor:518838
482,-47,147,11,sr:competitor:157368
483,2,146,18,sr:competitor:505576
484,7,145,16,sr:competitor:510068
485,66,143,24,sr:competitor:861587
486,41,143,14,sr:competitor:82609
487,-190,142,5,sr:competitor:62924
488,17,142,17,sr:competitor:1020179
489,-8,142,17,sr:competitor:853745
490,21,142,13,sr:competitor:822586
491,15,142,23,sr:competitor:51354
492,16,141,4,sr:competitor:505970
493,19,140,2,sr:competitor:318195
493,348,140,2,sr:competitor:604388
495,-11,140,3,sr:competitor:179146
496,-41,140,11,sr:competitor:128638
497,62,140,14,sr:competitor:889135
498,-3,140,19,sr:competitor:1073852
498,-3,140,19,sr:competitor:1073856
500,16,139,9,sr:competitor:763112
